id,title,start
https://www.youtube.com/watch?v=AJUpHxlJUNQ,Nirvana - Drain You,15
https://www.youtube.com/watch?v=NWKf2VhnoHE,Pearl Jam - Porch,15
https://www.youtube.com/watch?v=91rHFP0OtTE,Soundgarden - 4th of July,15
https://www.youtube.com/watch?v=zTuD8k3JvxQ,Alice in Chains - Them Bones,15
https://www.youtube.com/watch?v=sT1DdO3SISg,Stone Temple Pilots - Creep,15
https://www.youtube.com/watch?v=aIr_IXXLZ8Q,Nirvana - Aneurysm,15
https://www.youtube.com/watch?v=3aGaGD4CitM,Pearl Jam - Leash,15
https://www.youtube.com/watch?v=sQOOgQtLI4M,Soundgarden - Hands All Over,15
https://www.youtube.com/watch?v=IPTHlmhtg8s,Alice in Chains - Rain When I Die,15
https://www.youtube.com/watch?v=SCx_uiSdC_c,Stone Temple Pilots - Dead and Bloated,15
https://www.youtube.com/watch?v=yun1IlBnDmY,Mudhoney - Suck You Dry,15
https://www.youtube.com/watch?v=vujMy_r5NsY,Screaming Trees - Shadow of the Season,15
https://www.youtube.com/watch?v=RDHA3JiXUuU,Tad - Stumblin Man,15
https://www.youtube.com/watch?v=19y8V_WCtTI,Melvins - Revolve,15
https://www.youtube.com/watch?v=54ioi2qL5Z4,Green River - Swallow My Pride,15
https://www.youtube.com/watch?v=xUgI2h35Pcc,Nirvana - Negative Creep,15
https://www.youtube.com/watch?v=udIHm_b7-yw,Pearl Jam - Deep,15
https://www.youtube.com/watch?v=OgodBNA3hIg,Soundgarden - Dusty,15
https://www.youtube.com/watch?v=6JA25BIxgtk,Alice in Chains - We Die Young,15
https://www.youtube.com/watch?v=gKvxG4aD9x8,Stone Temple Pilots - Crackerman,15
https://www.youtube.com/watch?v=JCO92__Zn-8,Bush - Mouth,15
https://www.youtube.com/watch?v=7dUwM8x4Thg,Silverchair - Findaway,15
https://www.youtube.com/watch?v=0HXnRKp3yFo,Candlebox - No Sense,15
https://www.youtube.com/watch?v=Zs7LaACDWD8,Live - Shit Towne,15
https://www.youtube.com/watch?v=OGKRr0NmgFM,Sponge - Plowed,15
https://www.youtube.com/watch?v=JbOlo0Yr_Ls,Mad Season - Lifeless Dead,15
https://www.youtube.com/watch?v=6ncNU36sSwo,Temple of the Dog - Pushin Forward Back,15
https://www.youtube.com/watch?v=L5cGLC61NkY,Mother Love Bone - Stardog Champion,15
https://www.youtube.com/watch?v=YglMtFNtAyU,Skin Yard - Throb,15
https://www.youtube.com/watch?v=z6RqPGosZ-U,L7 - Shitlist,15
https://www.youtube.com/watch?v=4Q1Kh9JkACc,Hole - Asking For It,15
https://www.youtube.com/watch?v=gCjufvdq_1c,Babes in Toyland - Bruise Violet,15
https://www.youtube.com/watch?v=j2ybKzN869A,7 Year Bitch - Dead Men Don't Rape,15
https://www.youtube.com/watch?v=L0oeqAQ1qE8,Bikini Kill - Rebel Girl,15
https://www.youtube.com/watch?v=2e5Q8OSPp-M,Lunachicks - Drop Dead,15
https://www.youtube.com/watch?v=QpLxcYYfq9s,The Jesus Lizard - Mouth Breather,15
https://www.youtube.com/watch?v=9346rQ1d8ik,Helmet - In the Meantime,15
https://www.youtube.com/watch?v=HGPzJs1WK88,Quicksand - Fazer,15
https://www.youtube.com/watch?v=dabvuLk5RTU,Failure - Macaque,15
https://www.youtube.com/watch?v=SUKOPD0yVj4,Hum - Iron Clad Lou,15
https://www.youtube.com/watch?v=lna5ZKbZUqU,Seaweed - Go Your Own Way,15
https://www.youtube.com/watch?v=2TzdnH3GZ2o,Superchunk - Slack Motherfucker,15
https://www.youtube.com/watch?v=xFvz1JQAPgQ,Jawbox - Savory,15
https://www.youtube.com/watch?v=4KGzXUmbyiQ,Jawbreaker - Boxcar,15
https://www.youtube.com/watch?v=ybExfDHg1i0,Dinosaur Jr - Get Me,15
https://www.youtube.com/watch?v=Jv6C-ZqYcws,Sebadoh - Brand New Love,15
https://www.youtube.com/watch?v=QTTgpTeb0Z8,Pavement - Cut Your Hair,15
https://www.youtube.com/watch?v=AVtskhcGOtc,Built to Spill - Car,15
https://www.youtube.com/watch?v=4ZkEob55qso,Archers of Loaf - Web in Front,15
https://www.youtube.com/watch?v=-hfYgyNgljs,Polvo - Thermal Treasure,15
https://www.youtube.com/watch?v=MfH3yRVJh8Q,Swervedriver - Duel,15
https://www.youtube.com/watch?v=gIsnb1TKYjE,Ride - Leave Them All Behind,15
https://www.youtube.com/watch?v=FyYMzEplnfU,My Bloody Valentine - Only Shallow,15
https://www.youtube.com/watch?v=F9il_iQ8bDM,The Breeders - Divine Hammer,15
https://www.youtube.com/watch?v=eGELjc66kFs,Throwing Muses - Dizzy,15
https://www.youtube.com/watch?v=PVyS9JwtFoQ,Pixies - Debaser,15
https://www.youtube.com/watch?v=l6ER2_4q5KQ,Afghan Whigs - Gentlemen,15
https://www.youtube.com/watch?v=K79LRBXJOqM,Smashing Pumpkins - Geek USA,15
https://www.youtube.com/watch?v=SDTSUwIZdMk,Sonic Youth - Kool Thing,15
https://www.youtube.com/watch?v=oFD88EyZ80E,Meat Puppets - Backwater,15
